[
  {
    "image": "my-gov1.png",
    "url": "https://www.mygov.in"
  },
  {
    "image": "mpng3.png",
    "url": "https://www.example.com"
  },
  {
    "image": "mii4.png",
    "url": "https://www.sample.com"
  },
  {
    "image": "mii6.png",
    "url": "https://www.mygov.in"
  },
  {
    "image": "mii6.png",
    "url": "https://www.example.com"
  },
  {
    "image": "mii7.png",
    "url": "https://www.sample.com"
  },
  {
    "image": "mii8.png",
    "url": "https://www.example.com"
  }
]
